Title,Address#1,Address#2,Phone
CVS,1840 E Main St.,Prattville AL 36066,(334) 365-7606
Rite Aid Pharmacy,606 S Memorial Dr.,Prattville AL 36067,(334) 365-1600
Uni Care Inc,842 Peachtree St.,Prattville AL 36066,(334) 365-6502
Adams Drugs,103 S Memorial Dr.,Prattville AL 36067,(334) 358-5353
Unicare Inc,842 Peachtree St.,Prattville AL 36066,(334) 365-5916
Medicine Shoppe,959 E Main St Ste A,Prattville AL 36066,(334) 358-1630
CVS,722 E Main St.,Prattville AL 36067,(334) 365-0661
Food World,1860 E Main St.,Prattville AL 36066,(334) 361-9868
Foster Drug Of Alabama Inc,115 N Memorial Dr.,Prattville AL 36067,(334) 365-3327
CVS Pharmacy,722 E Main St.,Prattville AL 36067,(334) 365-3426
Medicine Shoppe Pharmacy,959 E Main St # A,Prattville AL 36066,(334) 358-1630
Walgreens,703 S Memorial Dr.,Prattville AL 36067,(334) 361-2261
CVS Pharmacy,1840 E Main St.,Prattville AL 36066,(334) 361-1553
Glenco,334 S Northington St.,Prattville AL 36067,(334) 365-1149
Rite Aid,606 S Memorial Dr.,Prattville AL 36067,(334) 365-1600
United States Pharmaceutical Group,200 Medical Center Drive,Prattville AL 36066,(334) 361-6380
Advostep,111 Lori St.,Prattville AL 36066,(334) 799-6441
Trivita.com/13081713,115 Monroe Dr.,Prattville AL 36067,(334) 430-0210
Glenco,334 South Northington St.,Prattville AL 36067,(334) 365-1149
North Baldwin Family Pharmacy,2012 Hand Ave.,Bay Minette AL 36507,(251) 937-9623
CVS,201 Dolive St.,Bay Minette AL 36507,(251) 937-3933
Stacey's Drug Store,109 Courthouse Sq,Bay Minette AL 36507,(251) 937-5539
Family Pharmacy,2012 Hand Ave.,Bay Minette AL 36507,(251) 937-9623
CVS Pharmacy,201 Dolive St # A,Bay Minette AL 36507,(251) 937-4310
Staceys Drug Store Inc,109 Courthouse Sq,Bay Minette AL 36507,(251) 937-5539
Swisher Services,28651 US Highway 98 B1,Daphne AL 36526,(251) 621-6836
Microblend LLC,P.O. BOX 2630,Daphne AL 36526,(251) 621-3926
CVS,27040 US Highway 98,Daphne AL 36526,(251) 621-8395
Caremark Rx,1048 Stanton Rd.,Daphne AL 36526,(251) 621-4063
CVS Pharmacy,27040 Us Highway 98,Daphne AL 36526,(251) 621-9081
Phsa Inc,125 Braga Dr.,Daphne AL 36526,(251) 626-4949
Pharmerica Inc,28851 County Road 11 # 2,Daphne AL 36526,(251) 626-5342
Science International Inc,P.O. BOX 39,Daphne AL 36526,(251) 626-2040
Microblend LLC,2206 Main St.,Daphne AL 36526,
Cpt Inc,1048 Stanton Road # B,Daphne AL 36526,(251) 626-2820
E & H Pharmaceuticals,1024 Stanton Road,Daphne AL 36526,(251) 626-2820
Compound Pharmaceutical Technologies Inc,1048 Stanton Road # B,Daphne AL 36526,(251) 626-2820
Swisher Services,28651 Us Highway 98 B1,Daphne AL 36526,
Made In The Shea,Daphne AL 36526,,(251) 408-2148
Wyeth,9128 Tuscaloosa Dr.,Elberta AL 36530,(334) 692-7169
Elberta Pharmacy,24980 State St.,Elberta AL 36530,(251) 986-8115
Subway,DRAWER 670,Elberta AL 36530,(251) 986-8115
Medicap Pharmacy,104 Ecor Rouge Pl.,Fairhope AL 36532,(251) 929-1017
CVS,51 S Greeno Rd.,Fairhope AL 36532,(251) 928-3125
CVS Pharmacy,51 S Greeno Rd # 200,Fairhope AL 36532,(251) 928-3153
Fairhope Pharmacy,398 Fairhope Ave.,Fairhope AL 36532,(251) 928-8822
Walgreens,2 S Greeno Rd.,Fairhope AL 36532,(251) 928-4846
Rite Aid,90 Plntation Pt Shopg Ctr,Fairhope AL 36532,(251) 928-0710
Christmas round The Corner,P.O. BOX 512,Fairhope AL 36533,(251) 928-8822
Rite Aid,101 S Greeno Rd.,Fairhope AL 36532,(251) 990-7172
Rite Aid Pharmacy,101 S Greeno Rd.,Fairhope AL 36532,(251) 990-7172
J Edward,19059 Greeno Road,Fairhope AL 36532,(251) 929-7800
Integrated Medicine Center,315 Magnolia Avenue,Fairhope AL 36532,(251) 990-8188
Rite Aid Pharmacy,1527 S Mckenzie St.,Foley AL 36535,(251) 968-6119
Eckerd,1300 S Mckenzie St.,Foley AL 36535,(251) 943-6614
Rite Aid,1255 S McKenzie St.,Foley AL 36535,(251) 971-1017
Cvs,1121 N McKenzie St.,Foley AL 36535,(251) 943-4211
Respiratory Distributors Inc,110 E Azalea Ave.,Foley AL 36535,(251) 943-5844
Estee Lauder,2601 S Mckenzie St Ste S3,Foley AL 36535,(251) 971-1571
CVS Pharmacy,1300 S Mckenzie St.,Foley AL 36535,(251) 943-6651
Stacey Drug Store,121 W Laurel Ave.,Foley AL 36535,(251) 943-7191
Rite Aid Pharmacy,1255 S Mckenzie St.,Foley AL 36535,(251) 971-1017
Medicine Shoppe,12392 Osborne Dr.,Foley AL 36535,(251) 943-3335
Atlas Rx Inc,2208 S Hickory St.,Foley AL 36535,(251) 943-2717
Wright Drugs Inc,101 W Laurel Ave.,Foley AL 36535,(251) 943-6661
Medistat Baldwin LLC,11 East Azalea Avenue,Foley AL 36535,(251) 445-8323
Paz Diana Rohe,8272 State Highway 59,Foley AL 36535,(251) 943-0436
Estee Lauder,2601 South Mckenzie St # 478,Foley AL 36535,(251) 971-1571
Closeout Connection Corp.,15375 Hearthstone Dr.,Foley AL 36535,(251) 979-7015
Gulf Shores Pharmacy Inc,P.O. BOX 2779,Gulf Shores AL 36547,(251) 968-3784
Rite Aid Pharmacy,1527 Highway 59 S,Gulf Shores AL 36542,(251) 968-4500
Baldwin Cnty Compounding Phrm,350 Cypress Bend Blvd.,Gulf Shores AL 36542,(251) 967-7680
All-A-Round,19206 Old Plash Island Rd.,Gulf Shores AL 36542,(251) 981-7508
Stacys Rexall Drugs,P.O. BOX 1614,Gulf Shores AL 36547,(251) 943-7191
Gulf Shores Pharmacy,251 Clubhouse Dr.,Gulf Shores AL 36542,(251) 968-3784
Magnolia Pharmacy,P.O. BOX 2779,Gulf Shores AL 36547,(251) 965-3784
Being Persnickity Inc,1540 Knob Hill Drive,Gulf Shores AL 36542,(251) 968-7937
Paradise Paper,19026 Old Plash Island Road,Gulf Shores AL 36542,(251) 981-7508
Lillian Pharmacy,12831 6th St.,Lillian AL 36549,(251) 962-3777
Lillian Pharmacy,P.O. BOX 59,Lillian AL 36549,(251) 962-3777
Loxley Discount Drugs,2140 E Relham Dr.,Loxley AL 36551,(251) 964-5332
Integrated Phrm Solutions,P.O. BOX 410,Loxley AL 36551,(251) 964-2509
Encara Pharmacy,26801 Railroad Ave.,Loxley AL 36551,(251) 964-6602
Compound Care Plus Pharmacy,30245 County Road 49,Loxley AL 36551,(251) 980-2273
Forest Technologies LLC,30212 County Road 49,Loxley AL 36551,(251) 964-7470
Loxley Discount Drugs,P.O. BOX 217,Loxley AL 36551,(251) 964-5332
Healthcare & Diagnostic Sltns,29922 County Road 49,Loxley AL 36551,(251) 625-4606
Forest Technologies LLC,30212 County Road 49,Loxley AL 36551,(251) 964-7470
Orange Beach Pharmacy,25299 Canal Rd # 6,Orange Beach AL 36561,(251) 981-2255
Rite Aid,P.O. BOX 1340,Orange Beach AL 36561,(251) 981-7019
Rite Aid,P.O. BOX 1789,Orange Beach AL 36561,(251) 981-6928
Rite Aid Pharmacy,25801 Perdido Beach Blvd.,Orange Beach AL 36561,(251) 981-7019
